﻿{"cameraMode":{"drawMode":0,"name":"Shaded","section":"Shading Mode"},"sceneLighting":true,"audioPlay":false,"sceneViewState":{"showFog":true,"showMaterialUpdate":false,"showSkybox":true,"showFlares":true,"showImageEffects":true,"showParticleSystems":true},"in2DMode":false,"pivot":{"x":-0.0304718017578125,"y":1.5099999904632569,"z":0.26807594299316409},"rotation":{"x":0.25114282965660097,"y":-0.3087984025478363,"z":0.0849023312330246,"w":0.9134344458580017},"size":58.33631134033203,"orthographic":false}